{
	"parent": "minecraft:recipes/root",
	"criteria": {
		"has_iron": {
			"trigger": "minecraft:inventory_changed",
			"conditions": {
				"items": [
					{
						"item": "minecraft:iron_ingot"
					}
				]
			}
		},
		"has_gold": {
			"trigger": "minecraft:inventory_changed",
			"conditions": {
				"items": [
					{
						"item": "minecraft:gold_ingot"
					}
				]
			}
		},
		"has_the_recipe": {
			"trigger": "minecraft:recipe_unlocked",
			"conditions": {
				"recipe": "redstone_wrench:wrench2"
			}
		}
	},
	"requirements": [
		[
			"has_iron",
			"has_the_recipe"
		],
		[
			"has_gold",
			"has_the_recipe"
		]
	],
	"rewards": {
		"recipes": [
			"redstone_wrench:wrench"
		]
	}
}